,Block_1,Block_2,Sample_Avg
Sample_1,19.0,21.0,20.0
Sample_2,22.0,24.0,23.0
Sample_3,23.0,23.0,23.0
Sample_4,20.0,21.0,20.5
Sample_5,22.0,19.0,20.5
Sample_6,23.0,29.0,26.0
Sample_7,21.0,20.0,20.5
Sample_8,22.0,21.0,21.5
Sample_9,24.0,20.0,22.0
Sample_10,22.0,25.0,23.5
Sample_11,21.0,21.0,21.0
Sample_12,19.0,19.0,19.0
Sample_13,27.0,19.0,23.0
Sample_14,19.0,20.0,19.5
Global_Avg,21.714285,21.571428,21.642857
