,Block_1,Block_2,Sample_Avg
Sample_1,26.0,19.0,22.5
Sample_2,24.0,15.0,19.5
Sample_3,25.0,19.0,22.0
Sample_4,21.0,15.0,18.0
Sample_5,25.0,17.0,21.0
Sample_6,25.0,16.0,20.5
Sample_7,26.0,17.0,21.5
Sample_8,26.0,19.0,22.5
Sample_9,25.0,15.0,20.0
Sample_10,22.0,17.0,19.5
Sample_11,25.0,17.0,21.0
Sample_12,21.0,16.0,18.5
Sample_13,26.0,19.0,22.5
Sample_14,24.0,17.0,20.5
Global_Avg,24.357143,17.0,20.678572
